mac,termtype,servicecode,svcname,addr,stime,rssi,vtype,vname,ssid,apname,apmac,channel,sec,xpos,ypos,nlong,lati,flags,assid,sid,day,svcode
44-04-44-02-35-A0," ",35021221360001,,,1562139891,-89,null," "," ",671153497001F7A7064E0,00-1F-7A-70-64-E0,null," "," "," ",118.13526,24.71718,null," ",156213909700179397,20190703,0
B0-5A-DA-74-E2-AA," ",35021221360001,,,1562139906,-96,null," "," ",671153497001F7A7064E0,00-1F-7A-70-64-E0,null," "," "," ",118.13526,24.71718,null," ",156213909700181898,20190703,0
26-7E-3E-91-2E-3D," ",35021221360001,,,1562139904,-91,null," "," ",671153497001F7A7064E0,00-1F-7A-70-64-E0,null," "," "," ",118.13526,24.71718,null," ",156213909700182999,20190703,0
DA-A1-19-97-C0-3B," ",35021221360001,,,1562139895,-85,null," "," ",671153497001F7A7064E0,00-1F-7A-70-64-E0,null," "," "," ",118.13526,24.71718,null," ",156213909700183900,20190703,0
06-F6-D5-FF-AC-5E," ",35021221360001,,,1562139938,-89,null," "," ",671153497001F7A7064E0,00-1F-7A-70-64-E0,null," "," "," ",118.13526,24.71718,null," ",156213909700185001,20190703,0
B8-C3-85-5D-3F-88," ",35021221360001,,,1562139909,-89,null," "," ",671153497001F7A7064E0,00-1F-7A-70-64-E0,null," "," "," ",118.13526,24.71718,null," ",156213909700186002,20190703,0
00-08-22-D9-03-FD," ",35021221360001,,,1562139916,-88,null," "," ",671153497001F7A7064E0,00-1F-7A-70-64-E0,null," "," "," ",118.13526,24.71718,null," ",156213909700187003,20190703,0
9E-2C-5B-9B-CF-34," ",35021221360001,,,1562139895,-91,null," "," ",671153497001F7A7064E0,00-1F-7A-70-64-E0,null," "," "," ",118.13526,24.71718,null," ",156213909700188004,20190703,0
9A-D3-48-7D-80-F0," ",35021221360001,,,1562139906,-87,null," "," ",671153497001F7A7064E0,00-1F-7A-70-64-E0,null," "," "," ",118.13526,24.71718,null," ",156213909700189005,20190703,0
DA-A1-19-C9-CB-E6," ",35021221360001,,,1562139905,-93,null," "," ",671153497001F7A7064E0,00-1F-7A-70-64-E0,null," "," "," ",118.13526,24.71718,null," ",156213909700190006,20190703,0
06-52-13-C3-45-EA," ",35021221360001,,,1562139918,-89,null," "," ",671153497001F7A7064E0,00-1F-7A-70-64-E0,null," "," "," ",118.13526,24.71718,null," ",156213909700191007,20190703,0
E2-C3-6F-33-8F-66," ",35021221360001,,,1562139897,-87,null," "," ",671153497001F7A7064E0,00-1F-7A-70-64-E0,null," "," "," ",118.13526,24.71718,null," ",156213909700191908,20190703,0
DA-A1-19-95-91-E2," ",35021221360001,,,1562139905,-93,null," "," ",671153497001F7A7064E0,00-1F-7A-70-64-E0,null," "," "," ",118.13526,24.71718,null," ",156213909700192909,20190703,0
D4-1A-3F-27-A9-97," ",35021221360001,,,1562139931,-87,null," "," ",671153497001F7A7064E0,00-1F-7A-70-64-E0,null," "," "," ",118.13526,24.71718,null," ",156213909700193910,20190703,0
70-D9-23-49-32-D4," ",35021221360001,,,1562139910,-87,null," "," ",671153497001F7A7064E0,00-1F-7A-70-64-E0,null," "," "," ",118.13526,24.71718,null," ",156213909700194911,20190703,0
BE-E9-4C-A9-EA-91," ",35021221360001,,,1562139902,-94,null," "," ",671153497001F7A7064E0,00-1F-7A-70-64-E0,null," "," "," ",118.13526,24.71718,null," ",156213909700195912,20190703,0
DA-A1-19-88-27-12," ",35021221360001,,,1562139929,-87,null," "," ",671153497001F7A7064E0,00-1F-7A-70-64-E0,null," "," "," ",118.13526,24.71718,null," ",156213909700196913,20190703,0
DA-A1-19-8B-30-6D," ",35021221360001,,,1562139930,-92,null," "," ",671153497001F7A7064E0,00-1F-7A-70-64-E0,null," "," "," ",118.13526,24.71718,null," ",156213909700197914,20190703,0
9A-D3-48-7D-80-F0," ",35021221360001,,,1562139907,-96,null," "," ",671153497001F7A7064E0,00-1F-7A-70-64-E0,null," "," "," ",118.13526,24.71718,null," ",156213909700198915,20190703,0
C8-EE-A6-34-D0-41," ",35021221360001,,,1562139907,-91,null," "," ",671153497001F7A7064E0,00-1F-7A-70-64-E0,null," "," "," ",118.13526,24.71718,null," ",156213909700199916,20190703,0
06-52-13-C3-45-EA," ",35021221360001,,,1562139918,-97,null," "," ",671153497001F7A7064E0,00-1F-7A-70-64-E0,null," "," "," ",118.13526,24.71718,null," ",156213909700200917,20190703,0
46-16-F3-3B-8C-01," ",35021221360001,,,1562139946,-96,null," "," ",671153497001F7A7064E0,00-1F-7A-70-64-E0,null," "," "," ",118.13526,24.71718,null," ",156213909700201918,20190703,0
BC-25-E0-56-CB-04," ",35021221360001,,,1562139889,-79,null," "," ",671153497001F7A7064E0,00-1F-7A-70-64-E0,null," "," "," ",118.13526,24.71718,null," ",156213909700202919,20190703,0
00-08-22-D9-03-FD," ",35021221360001,,,1562139916,-85,null," "," ",671153497001F7A7064E0,00-1F-7A-70-64-E0,null," "," "," ",118.13526,24.71718,null," ",156213909700203920,20190703,0
10-9E-3A-8D-47-BE," ",35021221360001,,,1562139926,-87,null," "," ",671153497001F7A7064E0,00-1F-7A-70-64-E0,null," "," "," ",118.13526,24.71718,null," ",156213909700204921,20190703,0
C2-33-69-A0-82-8F," ",35021221360001,,,1562139898,-89,null," "," ",671153497001F7A7064E0,00-1F-7A-70-64-E0,null," "," "," ",118.13526,24.71718,null," ",156213909700205922,20190703,0
E0-33-8E-B1-87-F8," ",35021221360001,,,1562139896,-87,null," "," ",671153497001F7A7064E0,00-1F-7A-70-64-E0,null," "," "," ",118.13526,24.71718,null," ",156213909700206923,20190703,0
30-B4-9E-DB-59-2B," ",35021221360001,,,1562139905,-81,null," "," ",671153497001F7A7064E0,00-1F-7A-70-64-E0,null," "," "," ",118.13526,24.71718,null," ",156213909700207924,20190703,0
58-C9-35-4E-D6-AD," ",35021221360001,,,1562139892,-85,null," "," ",671153497001F7A7064E0,00-1F-7A-70-64-E0,null," "," "," ",118.13526,24.71718,null," ",156213909700209725,20190703,0
DA-A1-19-C9-CB-E6," ",35021221360001,,,1562139904,-85,null," "," ",671153497001F7A7064E0,00-1F-7A-70-64-E0,null," "," "," ",118.13526,24.71718,null," ",156213909700210726,20190703,0
76-20-1A-73-72-3D," ",35021221360001,,,1562139928,-93,null," "," ",671153497001F7A7064E0,00-1F-7A-70-64-E0,null," "," "," ",118.13526,24.71718,null," ",156213909700211727,20190703,0
DA-A1-19-10-E7-32," ",35021221360001,,,1562139943,-93,null," "," ",671153497001F7A7064E0,00-1F-7A-70-64-E0,null," "," "," ",118.13526,24.71718,null," ",156213909700212728,20190703,0
1C-C3-EB-E6-E0-53," ",35021221360001,,,1562139954,-89,null," "," ",671153497001F7A7064E0,00-1F-7A-70-64-E0,null," "," "," ",118.13526,24.71718,null," ",156213909700213729,20190703,0
44-66-FC-E1-E9-71," ",35021221360001,,,1562139888,-87,null," "," ",671153497001F7A7064E0,00-1F-7A-70-64-E0,null," "," "," ",118.13526,24.71718,null," ",156213909700214730,20190703,0
DA-A1-19-13-F9-E2," ",35021221360001,,,1562139905,-95,null," "," ",671153497001F7A7064E0,00-1F-7A-70-64-E0,null," "," "," ",118.13526,24.71718,null," ",156213909700215731,20190703,0
DA-A1-19-10-E7-32," ",35021221360001,,,1562139943,-89,null," "," ",671153497001F7A7064E0,00-1F-7A-70-64-E0,null," "," "," ",118.13526,24.71718,null," ",156213909700217032,20190703,0
44-6E-E5-95-63-18," ",35020321030004,,,1562139885,-83,null," "," ",671153497001F7A74EA40,00-1F-7A-74-EA-40,null," "," "," ",118.13952,24.49240,null," ",156213909800382324,20190703,0
6C-72-E7-35-8C-92," ",35020321030004,,,1562139867,-67,null," "," ",671153497001F7A74EA40,00-1F-7A-74-EA-40,null," "," "," ",118.13952,24.49240,null," ",156213909800383725,20190703,0
B4-BF-F6-9A-07-5D," ",35020321030004,,,1562139867,-87,null," "," ",671153497001F7A74EA40,00-1F-7A-74-EA-40,null," "," "," ",118.13952,24.49240,null," ",156213909800384726,20190703,0
6C-72-E7-35-8C-92," ",35020321030004,,,1562139893,-83,null," "," ",671153497001F7A74EA40,00-1F-7A-74-EA-40,null," "," "," ",118.13952,24.49240,null," ",156213909800385727,20190703,0
44-04-44-D5-1A-CA," ",35020321030004,,,1562139924,-77,null," "," ",671153497001F7A74EA40,00-1F-7A-74-EA-40,null," "," "," ",118.13952,24.49240,null," ",156213909800386728,20190703,0
88-D5-0C-8D-AA-BD," ",35020321030004,,,1562139925,-87,null," "," ",671153497001F7A74EA40,00-1F-7A-74-EA-40,null," "," "," ",118.13952,24.49240,null," ",156213909800387729,20190703,0
08-4A-CF-DE-A0-E3," ",35020321030004,,,1562139931,-91,null," "," ",671153497001F7A74EA40,00-1F-7A-74-EA-40,null," "," "," ",118.13952,24.49240,null," ",156213909800388730,20190703,0
6C-72-E7-35-8C-92," ",35020321030004,,,1562139895,-62,null," "," ",671153497001F7A74EA40,00-1F-7A-74-EA-40,null," "," "," ",118.13952,24.49240,null," ",156213909800389731,20190703,0
48-01-C5-0B-56-0D," ",35020321030004,,,1562139883,-73,null," "," ",671153497001F7A74EA40,00-1F-7A-74-EA-40,null," "," "," ",118.13952,24.49240,null," ",156213909800390732,20190703,0
48-01-C5-0B-56-0D," ",35020321030004,,,1562139893,-85,null," "," ",671153497001F7A74EA40,00-1F-7A-74-EA-40,null," "," "," ",118.13952,24.49240,null," ",156213909800391733,20190703,0
CC-29-F5-C0-47-35," ",35020321030004,,,1562139885,-83,null," "," ",671153497001F7A74EA40,00-1F-7A-74-EA-40,null," "," "," ",118.13952,24.49240,null," ",156213909800392734,20190703,0
B4-BF-F6-9A-07-5D," ",35020321030004,,,1562139914,-85,null," "," ",671153497001F7A74EA40,00-1F-7A-74-EA-40,null," "," "," ",118.13952,24.49240,null," ",156213909800393735,20190703,0
48-01-C5-0B-56-0D," ",35020321030004,,,1562139887,-87,null," "," ",671153497001F7A74EA40,00-1F-7A-74-EA-40,null," "," "," ",118.13952,24.49240,null," ",156213909800394736,20190703,0
48-01-C5-0B-56-0D," ",35020321030004,,,1562139914,-91,null," "," ",671153497001F7A74EA40,00-1F-7A-74-EA-40,null," "," "," ",118.13952,24.49240,null," ",156213909800395737,20190703,0
48-01-C5-0B-56-0D," ",35020321030004,,,1562139886,-90,null," "," ",671153497001F7A74EA40,00-1F-7A-74-EA-40,null," "," "," ",118.13952,24.49240,null," ",156213909800396738,20190703,0
F0-0F-EC-2D-20-7F," ",35020321030004,,,1562139927,-96,null," "," ",671153497001F7A74EA40,00-1F-7A-74-EA-40,null," "," "," ",118.13952,24.49240,null," ",156213909800397639,20190703,0
6C-72-E7-35-8C-92," ",35020321030004,,,1562139894,-61,null," "," ",671153497001F7A74EA40,00-1F-7A-74-EA-40,null," "," "," ",118.13952,24.49240,null," ",156213909800398640,20190703,0
DA-A1-19-BC-5B-46," ",35020321030004,,,1562139878,-67,null," "," ",671153497001F7A74EA40,00-1F-7A-74-EA-40,null," "," "," ",118.13952,24.49240,null," ",156213909800399641,20190703,0
88-D5-0C-8D-AA-BD," ",35020321030004,,,1562139919,-97,null," "," ",671153497001F7A74EA40,00-1F-7A-74-EA-40,null," "," "," ",118.13952,24.49240,null," ",156213909800400642,20190703,0
44-04-44-D5-1A-CA," ",35020321030004,,,1562139879,-43,null," "," ",671153497001F7A74EA40,00-1F-7A-74-EA-40,null," "," "," ",118.13952,24.49240,null," ",156213909800401643,20190703,0
6C-72-E7-35-8C-92," ",35020321030004,,,1562139895,-63,null," "," ",671153497001F7A74EA40,00-1F-7A-74-EA-40,null," "," "," ",118.13952,24.49240,null," ",156213909800402644,20190703,0
DA-A1-19-C1-F6-85," ",35020321030004,,,1562139870,-89,null," "," ",671153497001F7A74EA40,00-1F-7A-74-EA-40,null," "," "," ",118.13952,24.49240,null," ",156213909800403645,20190703,0
DA-A1-19-D3-3B-26," ",35020321030004,,,1562139878,-63,null," "," ",671153497001F7A74EA40,00-1F-7A-74-EA-40,null," "," "," ",118.13952,24.49240,null," ",156213909800404646,20190703,0
44-04-44-D5-1A-CA," ",35020321030004,,,1562139976,-70,null," "," ",671153497001F7A74EA40,00-1F-7A-74-EA-40,null," "," "," ",118.13952,24.49240,null," ",156213909800405647,20190703,0
48-01-C5-0B-56-0D," ",35020321030004,,,1562139890,-67,null," "," ",671153497001F7A74EA40,00-1F-7A-74-EA-40,null," "," "," ",118.13952,24.49240,null," ",156213909800406648,20190703,0
B4-BF-F6-9A-07-5D," ",35020321030004,,,1562139914,-96,null," "," ",671153497001F7A74EA40,00-1F-7A-74-EA-40,null," "," "," ",118.13952,24.49240,null," ",156213909800407649,20190703,0
44-04-44-D5-1A-CA," ",35020321030004,,,1562139923,-57,null," "," ",671153497001F7A74EA40,00-1F-7A-74-EA-40,null," "," "," ",118.13952,24.49240,null," ",156213909800408650,20190703,0
44-04-44-D5-1A-CA," ",35020321030004,,,1562139968,-74,null," "," ",671153497001F7A74EA40,00-1F-7A-74-EA-40,null," "," "," ",118.13952,24.49240,null," ",156213915700701662,20190703,0
48-01-C5-0B-56-0D," ",35020321030004,,,1562139939,-83,null," "," ",671153497001F7A74EA40,00-1F-7A-74-EA-40,null," "," "," ",118.13952,24.49240,null," ",156213915700703063,20190703,0
DA-A1-19-99-38-D7," ",35020321030004,,,1562139971,-94,null," "," ",671153497001F7A74EA40,00-1F-7A-74-EA-40,null," "," "," ",118.13952,24.49240,null," ",156213915700704064,20190703,0
00-08-22-4E-B6-FB," ",35021221360001,,,1562139988,-85,null," "," ",671153497001F7A7064E0,00-1F-7A-70-64-E0,null," "," "," ",118.13526,24.71718,null," ",156213915700705065,20190703,0
88-D5-0C-8D-AA-BD," ",35020321030004,,,1562139941,-59,null," "," ",671153497001F7A74EA40,00-1F-7A-74-EA-40,null," "," "," ",118.13952,24.49240,null," ",156213915700706066,20190703,0
08-4A-CF-DE-A0-E3," ",35020321030004,,,1562139984,-87,null," "," ",671153497001F7A74EA40,00-1F-7A-74-EA-40,null," "," "," ",118.13952,24.49240,null," ",156213915700707167,20190703,0
9C-A5-C0-C1-B1-B9," ",35020321030004,,,1562139972,-95,null," "," ",671153497001F7A74EA40,00-1F-7A-74-EA-40,null," "," "," ",118.13952,24.49240,null," ",156213915700708168,20190703,0
10-9E-3A-6D-28-F8," ",35021221360001,,,1562139955,-79,null," "," ",671153497001F7A7064E0,00-1F-7A-70-64-E0,null," "," "," ",118.13526,24.71718,null," ",156213915700709169,20190703,0
88-D5-0C-8D-AA-BD," ",35020321030004,,,1562139924,-73,null," "," ",671153497001F7A74EA40,00-1F-7A-74-EA-40,null," "," "," ",118.13952,24.49240,null," ",156213915700710170,20190703,0
48-01-C5-0B-56-0D," ",35020321030004,,,1562139950,-83,null," "," ",671153497001F7A74EA40,00-1F-7A-74-EA-40,null," "," "," ",118.13952,24.49240,null," ",156213915700711071,20190703,0
44-04-44-D5-1A-CA," ",35020321030004,,,1562139968,-59,null," "," ",671153497001F7A74EA40,00-1F-7A-74-EA-40,null," "," "," ",118.13952,24.49240,null," ",156213915700712072,20190703,0
08-4A-CF-DE-A0-E3," ",35020321030004,,,1562139984,-95,null," "," ",671153497001F7A74EA40,00-1F-7A-74-EA-40,null," "," "," ",118.13952,24.49240,null," ",156213915700713073,20190703,0
DA-A1-19-32-FF-9E," ",35021221360001,,,1562139988,-95,null," "," ",671153497001F7A7064E0,00-1F-7A-70-64-E0,null," "," "," ",118.13526,24.71718,null," ",156213915700714074,20190703,0
DA-A1-19-32-FF-9E," ",35021221360001,,,1562139988,-87,null," "," ",671153497001F7A7064E0,00-1F-7A-70-64-E0,null," "," "," ",118.13526,24.71718,null," ",156213915700715075,20190703,0
88-D5-0C-8D-AA-BD," ",35020321030004,,,1562139960,-83,null," "," ",671153497001F7A74EA40,00-1F-7A-74-EA-40,null," "," "," ",118.13952,24.49240,null," ",156213915700716076,20190703,0
48-8A-D2-3A-25-74," ",35020321030004,,,1562139926,-73,null," "," ",671153497001F7A74EA40,00-1F-7A-74-EA-40,null," "," "," ",118.13952,24.49240,null," ",156213915700717077,20190703,0
3C-F5-91-19-70-5F," ",35021221360001,,,1562140003,-94,null," "," ",671153497001F7A7064E0,00-1F-7A-70-64-E0,null," "," "," ",118.13526,24.71718,null," ",156213915700718078,20190703,0
10-9E-3A-8D-47-BE," ",35021221360001,,,1562139983,-87,null," "," ",671153497001F7A7064E0,00-1F-7A-70-64-E0,null," "," "," ",118.13526,24.71718,null," ",156213915700718979,20190703,0
60-F8-1D-2C-AD-F7," ",35020321030004,,,1562139966,-85,null," "," ",671153497001F7A74EA40,00-1F-7A-74-EA-40,null," "," "," ",118.13952,24.49240,null," ",156213915700719980,20190703,0
00-08-22-4E-B6-FB," ",35021221360001,,,1562139990,-87,null," "," ",671153497001F7A7064E0,00-1F-7A-70-64-E0,null," "," "," ",118.13526,24.71718,null," ",156213915700720981,20190703,0
44-04-44-D5-1A-CA," ",35020321030004,,,1562139968,-60,null," "," ",671153497001F7A74EA40,00-1F-7A-74-EA-40,null," "," "," ",118.13952,24.49240,null," ",156213915700721982,20190703,0
48-01-C5-0B-56-0D," ",35020321030004,,,1562139944,-67,null," "," ",671153497001F7A74EA40,00-1F-7A-74-EA-40,null," "," "," ",118.13952,24.49240,null," ",156213915700722983,20190703,0
DA-A1-19-32-FF-9E," ",35021221360001,,,1562139988,-85,null," "," ",671153497001F7A7064E0,00-1F-7A-70-64-E0,null," "," "," ",118.13526,24.71718,null," ",156213915700723984,20190703,0
B0-5A-DA-74-E2-AA," ",35021221360001,,,1562140018,-97,null," "," ",671153497001F7A7064E0,00-1F-7A-70-64-E0,null," "," "," ",118.13526,24.71718,null," ",156213915700724985,20190703,0
9C-A5-C0-C1-B1-B9," ",35020321030004,,,1562139970,-89,null," "," ",671153497001F7A74EA40,00-1F-7A-74-EA-40,null," "," "," ",118.13952,24.49240,null," ",156213915700725986,20190703,0
00-08-22-4E-B6-FB," ",35021221360001,,,1562139996,-83,null," "," ",671153497001F7A7064E0,00-1F-7A-70-64-E0,null," "," "," ",118.13526,24.71718,null," ",156213915700726987,20190703,0
D4-1A-3F-BB-A8-F9," ",35021221360001,,,1562139980,-87,null," "," ",671153497001F7A7064E0,00-1F-7A-70-64-E0,null," "," "," ",118.13526,24.71718,null," ",156213915700727988,20190703,0
C8-EE-A6-34-D0-41," ",35021221360001,,,1562139978,-90,null," "," ",671153497001F7A7064E0,00-1F-7A-70-64-E0,null," "," "," ",118.13526,24.71718,null," ",156213915700728989,20190703,0
C8-F7-33-1F-06-6C," ",35021221360001,,,1562139981,-87,null," "," ",671153497001F7A7064E0,00-1F-7A-70-64-E0,null," "," "," ",118.13526,24.71718,null," ",156213915700730590,20190703,0
34-EA-34-45-C3-84," ",35021221360001,,,1562139947,-89,null," "," ",671153497001F7A7064E0,00-1F-7A-70-64-E0,null," "," "," ",118.13526,24.71718,null," ",156213915700731591,20190703,0
88-D5-0C-8D-AA-BD," ",35020321030004,,,1562139960,-93,null," "," ",671153497001F7A74EA40,00-1F-7A-74-EA-40,null," "," "," ",118.13952,24.49240,null," ",156213915700732592,20190703,0
00-08-22-4E-B6-FB," ",35021221360001,,,1562139970,-99,null," "," ",671153497001F7A7064E0,00-1F-7A-70-64-E0,null," "," "," ",118.13526,24.71718,null," ",156213915700733593,20190703,0
08-4A-CF-DE-A0-E3," ",35020321030004,,,1562139931,-87,null," "," ",671153497001F7A74EA40,00-1F-7A-74-EA-40,null," "," "," ",118.13952,24.49240,null," ",156213915700734594,20190703,0
88-D5-0C-8D-AA-BD," ",35020321030004,,,1562139978,-92,null," "," ",671153497001F7A74EA40,00-1F-7A-74-EA-40,null," "," "," ",118.13952,24.49240,null," ",156213915700735495,20190703,0
1C-C3-EB-E6-E0-53," ",35021221360001,,,1562139953,-89,null," "," ",671153497001F7A7064E0,00-1F-7A-70-64-E0,null," "," "," ",118.13526,24.71718,null," ",156213915700736496,20190703,0
48-01-C5-0B-56-0D," ",35020321030004,,,1562139947,-85,null," "," ",671153497001F7A74EA40,00-1F-7A-74-EA-40,null," "," "," ",118.13952,24.49240,null," ",156213915700737697,20190703,0
6C-72-E7-35-8C-92," ",35020321030004,,,1562139949,-65,null," "," ",671153497001F7A74EA40,00-1F-7A-74-EA-40,null," "," "," ",118.13952,24.49240,null," ",156213915700738698,20190703,0
44-04-44-D5-1A-CA," ",35020321030004,,,1562140018,-74,null," "," ",671153497001F7A74EA40,00-1F-7A-74-EA-40,null," "," "," ",118.13952,24.49240,null," ",156213915700739699,20190703,0
DA-A1-19-99-38-D7," ",35020321030004,,,1562139971,-85,null," "," ",671153497001F7A74EA40,00-1F-7A-74-EA-40,null," "," "," ",118.13952,24.49240,null," ",156213915700740600,20190703,0
6C-72-E7-35-8C-92," ",35020321030004,,,1562139941,-75,null," "," ",671153497001F7A74EA40,00-1F-7A-74-EA-40,null," "," "," ",118.13952,24.49240,null," ",156213915700741601,20190703,0
DA-A1-19-0B-DF-93," ",35021221360001,,,1562139962,-85,null," "," ",671153497001F7A7064E0,00-1F-7A-70-64-E0,null," "," "," ",118.13526,24.71718,null," ",156213915700742602,20190703,0
78-36-CC-7C-B2-45," ",35020321030004,,,1562139977,-96,null," "," ",671153497001F7A74EA40,00-1F-7A-74-EA-40,null," "," "," ",118.13952,24.49240,null," ",156213915700743503,20190703,0
DA-A1-19-80-56-0A," ",35020321030004,,,1562139960,-81,null," "," ",671153497001F7A74EA40,00-1F-7A-74-EA-40,null," "," "," ",118.13952,24.49240,null," ",156213915700744504,20190703,0
00-08-22-4E-B6-FB," ",35021221360001,,,1562139998,-91,null," "," ",671153497001F7A7064E0,00-1F-7A-70-64-E0,null," "," "," ",118.13526,24.71718,null," ",156213915700745505,20190703,0
88-D5-0C-8D-AA-BD," ",35020321030004,,,1562139978,-89,null," "," ",671153497001F7A74EA40,00-1F-7A-74-EA-40,null," "," "," ",118.13952,24.49240,null," ",156213915700746506,20190703,0
F0-43-47-27-9A-34," ",35020321030004,,,1562139925,-79,null," "," ",671153497001F7A74EA40,00-1F-7A-74-EA-40,null," "," "," ",118.13952,24.49240,null," ",156213915700747507,20190703,0
00-08-22-4E-B6-FB," ",35021221360001,,,1562139983,-85,null," "," ",671153497001F7A7064E0,00-1F-7A-70-64-E0,null," "," "," ",118.13526,24.71718,null," ",156213915700748508,20190703,0
22-F4-1B-5D-C6-6B," ",35021221360001,,,1562140009,-86,null," "," ",671153497001F7A7064E0,00-1F-7A-70-64-E0,null," "," "," ",118.13526,24.71718,null," ",156213915700749509,20190703,0
48-01-C5-0B-56-0D," ",35020321030004,,,1562139933,-83,null," "," ",671153497001F7A74EA40,00-1F-7A-74-EA-40,null," "," "," ",118.13952,24.49240,null," ",156213915700750510,20190703,0
44-04-44-D5-1A-CA," ",35020321030004,,,1562139971,-59,null," "," ",671153497001F7A74EA40,00-1F-7A-74-EA-40,null," "," "," ",118.13952,24.49240,null," ",156213915700751511,20190703,0
DA-A1-19-72-7F-33," ",35020321030004,,,1562139960,-72,null," "," ",671153497001F7A74EA40,00-1F-7A-74-EA-40,null," "," "," ",118.13952,24.49240,null," ",156213915700752512,20190703,0
DA-A1-19-F2-38-69," ",35020321030004,,,1562140052,-91,null," "," ",671153497001F7A74EA40,00-1F-7A-74-EA-40,null," "," "," ",118.13952,24.49240,null," ",156213921800640053,20190703,0
6C-72-E7-35-8C-92," ",35020321030004,,,1562140024,-73,null," "," ",671153497001F7A74EA40,00-1F-7A-74-EA-40,null," "," "," ",118.13952,24.49240,null," ",156213921800641454,20190703,0
44-04-44-D5-1A-CA," ",35020321030004,,,1562140057,-73,null," "," ",671153497001F7A74EA40,00-1F-7A-74-EA-40,null," "," "," ",118.13952,24.49240,null," ",156213921800642555,20190703,0
04-54-53-EE-3A-EF," ",35020321030004,,,1562140001,-81,null," "," ",671153497001F7A74EA40,00-1F-7A-74-EA-40,null," "," "," ",118.13952,24.49240,null," ",156213921800643656,20190703,0
DA-A1-19-1A-82-36," ",35020321030004,,,1562140041,-71,null," "," ",671153497001F7A74EA40,00-1F-7A-74-EA-40,null," "," "," ",118.13952,24.49240,null," ",156213921800644657,20190703,0
6C-72-E7-35-8C-92," ",35020321030004,,,1562140024,-74,null," "," ",671153497001F7A74EA40,00-1F-7A-74-EA-40,null," "," "," ",118.13952,24.49240,null," ",156213921800645658,20190703,0
48-01-C5-0B-56-0D," ",35020321030004,,,1562140009,-81,null," "," ",671153497001F7A74EA40,00-1F-7A-74-EA-40,null," "," "," ",118.13952,24.49240,null," ",156213921800646659,20190703,0
B4-BF-F6-9A-07-5D," ",35020321030004,,,1562139986,-87,null," "," ",671153497001F7A74EA40,00-1F-7A-74-EA-40,null," "," "," ",118.13952,24.49240,null," ",156213921800647660,20190703,0
E4-46-DA-FB-B7-5B," ",35020321030004,,,1562140096,-66,null," "," ",671153497001F7A74EA40,00-1F-7A-74-EA-40,null," "," "," ",118.13952,24.49240,null," ",156213921800648661,20190703,0
D0-D7-83-3B-1E-7F," ",35020321030004,,,1562140007,-89,null," "," ",671153497001F7A74EA40,00-1F-7A-74-EA-40,null," "," "," ",118.13952,24.49240,null," ",156213921800649662,20190703,0
44-6E-E5-95-63-18," ",35020321030004,,,1562140001,-81,null," "," ",671153497001F7A74EA40,00-1F-7A-74-EA-40,null," "," "," ",118.13952,24.49240,null," ",156213921800650663,20190703,0
DA-A1-19-F2-38-69," ",35020321030004,,,1562140053,-93,null," "," ",671153497001F7A74EA40,00-1F-7A-74-EA-40,null," "," "," ",118.13952,24.49240,null," ",156213921800651564,20190703,0
48-01-C5-0B-56-0D," ",35020321030004,,,1562140008,-79,null," "," ",671153497001F7A74EA40,00-1F-7A-74-EA-40,null," "," "," ",118.13952,24.49240,null," ",156213921800652565,20190703,0
B4-BF-F6-9A-07-5D," ",35020321030004,,,1562139989,-79,null," "," ",671153497001F7A74EA40,00-1F-7A-74-EA-40,null," "," "," ",118.13952,24.49240,null," ",156213921800653566,20190703,0
48-01-C5-0B-56-0D," ",35020321030004,,,1562140004,-77,null," "," ",671153497001F7A74EA40,00-1F-7A-74-EA-40,null," "," "," ",118.13952,24.49240,null," ",156213921800654567,20190703,0
6C-72-E7-35-8C-92," ",35020321030004,,,1562140024,-65,null," "," ",671153497001F7A74EA40,00-1F-7A-74-EA-40,null," "," "," ",118.13952,24.49240,null," ",156213921800655568,20190703,0
08-4A-CF-DE-A0-E3," ",35020321030004,,,1562139984,-85,null," "," ",671153497001F7A74EA40,00-1F-7A-74-EA-40,null," "," "," ",118.13952,24.49240,null," ",156213921800656569,20190703,0
6C-72-E7-35-8C-92," ",35020321030004,,,1562140033,-65,null," "," ",671153497001F7A74EA40,00-1F-7A-74-EA-40,null," "," "," ",118.13952,24.49240,null," ",156213921800657570,20190703,0
F2-B4-29-0F-5A-7E," ",35020321030004,,,1562140025,-91,null," "," ",671153497001F7A74EA40,00-1F-7A-74-EA-40,null," "," "," ",118.13952,24.49240,null," ",156213921800658571,20190703,0
44-04-44-D5-1A-CA," ",35020321030004,,,1562140089,-72,null," "," ",671153497001F7A74EA40,00-1F-7A-74-EA-40,null," "," "," ",118.13952,24.49240,null," ",156213921800659572,20190703,0
44-04-44-D5-1A-CA," ",35020321030004,,,1562140057,-65,null," "," ",671153497001F7A74EA40,00-1F-7A-74-EA-40,null," "," "," ",118.13952,24.49240,null," ",156213921800660573,20190703,0
6C-72-E7-35-8C-92," ",35020321030004,,,1562140008,-59,null," "," ",671153497001F7A74EA40,00-1F-7A-74-EA-40,null," "," "," ",118.13952,24.49240,null," ",156213921800661574,20190703,0
B0-E1-7E-5B-9C-84," ",35021221360001,,,1562140021,-81,null," "," ",671153497001F7A7064E0,00-1F-7A-70-64-E0,null," "," "," ",118.13526,24.71718,null," ",156213921800469930,20190703,0
E4-47-90-E3-02-18," ",35021221360001,,,1562140007,-87,null," "," ",671153497001F7A7064E0,00-1F-7A-70-64-E0,null," "," "," ",118.13526,24.71718,null," ",156213921800471331,20190703,0
DA-A1-19-E4-2E-65," ",35021221360001,,,1562140024,-95,null," "," ",671153497001F7A7064E0,00-1F-7A-70-64-E0,null," "," "," ",118.13526,24.71718,null," ",156213921800473632,20190703,0
76-8D-9C-12-FF-00," ",35021221360001,,,1562140030,-89,null," "," ",671153497001F7A7064E0,00-1F-7A-70-64-E0,null," "," "," ",118.13526,24.71718,null," ",156213921800474633,20190703,0
DA-A1-19-46-A0-D7," ",35021221360001,,,1562140041,-93,null," "," ",671153497001F7A7064E0,00-1F-7A-70-64-E0,null," "," "," ",118.13526,24.71718,null," ",156213921800475634,20190703,0
B0-E1-7E-5B-9C-84," ",35021221360001,,,1562140027,-69,null," "," ",671153497001F7A7064E0,00-1F-7A-70-64-E0,null," "," "," ",118.13526,24.71718,null," ",156213921800476635,20190703,0
DA-A1-19-F4-07-18," ",35021221360001,,,1562140045,-87,null," "," ",671153497001F7A7064E0,00-1F-7A-70-64-E0,null," "," "," ",118.13526,24.71718,null," ",156213921800477636,20190703,0
86-78-8C-F3-0A-06," ",35021221360001,,,1562140074,-93,null," "," ",671153497001F7A7064E0,00-1F-7A-70-64-E0,null," "," "," ",118.13526,24.71718,null," ",156213921800478637,20190703,0
DA-A1-19-97-C0-3B," ",35021221360001,,,1562140058,-98,null," "," ",671153497001F7A7064E0,00-1F-7A-70-64-E0,null," "," "," ",118.13526,24.71718,null," ",156213921800479638,20190703,0
DA-A1-19-DD-0A-65," ",35021221360001,,,1562140038,-87,null," "," ",671153497001F7A7064E0,00-1F-7A-70-64-E0,null," "," "," ",118.13526,24.71718,null," ",156213921800480639,20190703,0
0A-9E-50-80-87-A8," ",35021221360001,,,1562140045,-96,null," "," ",671153497001F7A7064E0,00-1F-7A-70-64-E0,null," "," "," ",118.13526,24.71718,null," ",156213921800481540,20190703,0
B6-CB-82-BE-D8-6C," ",35021221360001,,,1562140027,-89,null," "," ",671153497001F7A7064E0,00-1F-7A-70-64-E0,null," "," "," ",118.13526,24.71718,null," ",156213921800482541,20190703,0
DA-A1-19-F4-07-18," ",35021221360001,,,1562140045,-93,null," "," ",671153497001F7A7064E0,00-1F-7A-70-64-E0,null," "," "," ",118.13526,24.71718,null," ",156213921800483542,20190703,0
C8-EE-A6-34-D0-41," ",35021221360001,,,1562140029,-93,null," "," ",671153497001F7A7064E0,00-1F-7A-70-64-E0,null," "," "," ",118.13526,24.71718,null," ",156213921800484543,20190703,0
C8-F7-33-1F-06-6C," ",35021221360001,,,1562140048,-91,null," "," ",671153497001F7A7064E0,00-1F-7A-70-64-E0,null," "," "," ",118.13526,24.71718,null," ",156213921800485544,20190703,0
D4-9E-05-A6-6C-FB," ",35021221360001,,,1562140015,-77,null," "," ",671153497001F7A7064E0,00-1F-7A-70-64-E0,null," "," "," ",118.13526,24.71718,null," ",156213921800486545,20190703,0
DA-A1-19-46-A0-D7," ",35021221360001,,,1562140041,-91,null," "," ",671153497001F7A7064E0,00-1F-7A-70-64-E0,null," "," "," ",118.13526,24.71718,null," ",156213921800487546,20190703,0
DA-A1-19-97-C0-3B," ",35021221360001,,,1562140067,-93,null," "," ",671153497001F7A7064E0,00-1F-7A-70-64-E0,null," "," "," ",118.13526,24.71718,null," ",156213921800488547,20190703,0
DA-A1-19-DD-0A-65," ",35021221360001,,,1562140038,-95,null," "," ",671153497001F7A7064E0,00-1F-7A-70-64-E0,null," "," "," ",118.13526,24.71718,null," ",156213921800489448,20190703,0
DA-A1-19-D3-11-06," ",35021221360001,,,1562140020,-83,null," "," ",671153497001F7A7064E0,00-1F-7A-70-64-E0,null," "," "," ",118.13526,24.71718,null," ",156213921800490449,20190703,0
EC-01-EE-69-A8-5A," ",35021221360001,,,1562140015,-77,null," "," ",671153497001F7A7064E0,00-1F-7A-70-64-E0,null," "," "," ",118.13526,24.71718,null," ",156213921800491450,20190703,0
DA-A1-19-97-C0-3B," ",35021221360001,,,1562140058,-89,null," "," ",671153497001F7A7064E0,00-1F-7A-70-64-E0,null," "," "," ",118.13526,24.71718,null," ",156213921800492451,20190703,0
DA-A1-19-5C-45-F9," ",35021221360001,,,1562140067,-94,null," "," ",671153497001F7A7064E0,00-1F-7A-70-64-E0,null," "," "," ",118.13526,24.71718,null," ",156213921800493452,20190703,0
DA-A1-19-D3-11-06," ",35021221360001,,,1562140020,-95,null," "," ",671153497001F7A7064E0,00-1F-7A-70-64-E0,null," "," "," ",118.13526,24.71718,null," ",156213921800494653,20190703,0
DA-A1-19-A1-91-F6," ",35021221360001,,,1562140108,-87,null," "," ",671153497001F7A7064E0,00-1F-7A-70-64-E0,null," "," "," ",118.13526,24.71718,null," ",156213927700764066,20190703,0
DA-A1-19-DD-7C-30," ",35020321030004,,,1562140122,-73,null," "," ",671153497001F7A74EA40,00-1F-7A-74-EA-40,null," "," "," ",118.13952,24.49240,null," ",156213927700765467,20190703,0
BE-AD-92-5B-0C-72," ",35021221360001,,,1562140119,-89,null," "," ",671153497001F7A7064E0,00-1F-7A-70-64-E0,null," "," "," ",118.13526,24.71718,null," ",156213927700766468,20190703,0
DA-A1-19-00-5A-B1," ",35020321030004,,,1562140092,-89,null," "," ",671153497001F7A74EA40,00-1F-7A-74-EA-40,null," "," "," ",118.13952,24.49240,null," ",156213927700767569,20190703,0
20-F5-43-F7-8C-EA," ",35020321030004,,,1562140060,-85,null," "," ",671153497001F7A74EA40,00-1F-7A-74-EA-40,null," "," "," ",118.13952,24.49240,null," ",156213927700768570,20190703,0
DA-A1-19-40-CE-B7," ",35020321030004,,,1562140079,-55,null," "," ",671153497001F7A74EA40,00-1F-7A-74-EA-40,null," "," "," ",118.13952,24.49240,null," ",156213927700769571,20190703,0
E4-46-DA-FB-B7-5B," ",35020321030004,,,1562140092,-59,null," "," ",671153497001F7A74EA40,00-1F-7A-74-EA-40,null," "," "," ",118.13952,24.49240,null," ",156213927700770572,20190703,0
86-78-8C-F3-0A-06," ",35021221360001,,,1562140119,-92,null," "," ",671153497001F7A7064E0,00-1F-7A-70-64-E0,null," "," "," ",118.13526,24.71718,null," ",156213927700771573,20190703,0
0C-4B-54-3F-1C-4C," ",35020321030004,,,1562140060,-83,null," "," ",671153497001F7A74EA40,00-1F-7A-74-EA-40,null," "," "," ",118.13952,24.49240,null," ",156213927700772574,20190703,0
F4-8B-32-DF-59-17," ",35020321030004,,,1562140060,-81,null," "," ",671153497001F7A74EA40,00-1F-7A-74-EA-40,null," "," "," ",118.13952,24.49240,null," ",156213927700773475,20190703,0
B4-BF-F6-9A-07-5D," ",35020321030004,,,1562140043,-83,null," "," ",671153497001F7A74EA40,00-1F-7A-74-EA-40,null," "," "," ",118.13952,24.49240,null," ",156213927700775776,20190703,0
98-CF-53-45-AC-83," ",35020321030004,,,1562140060,-83,null," "," ",671153497001F7A74EA40,00-1F-7A-74-EA-40,null," "," "," ",118.13952,24.49240,null," ",156213927700776777,20190703,0
18-E2-9F-79-0D-84," ",35021221360001,,,1562140092,-95,null," "," ",671153497001F7A7064E0,00-1F-7A-70-64-E0,null," "," "," ",118.13526,24.71718,null," ",156213927700777778,20190703,0
BE-AD-92-5B-0C-72," ",35021221360001,,,1562140115,-91,null," "," ",671153497001F7A7064E0,00-1F-7A-70-64-E0,null," "," "," ",118.13526,24.71718,null," ",156213927700778779,20190703,0
10-9E-3A-8D-47-BE," ",35021221360001,,,1562140104,-91,null," "," ",671153497001F7A7064E0,00-1F-7A-70-64-E0,null," "," "," ",118.13526,24.71718,null," ",156213927700779780,20190703,0
6C-72-E7-35-8C-92," ",35020321030004,,,1562140061,-61,null," "," ",671153497001F7A74EA40,00-1F-7A-74-EA-40,null," "," "," ",118.13952,24.49240,null," ",156213927700780781,20190703,0
DA-A1-19-55-47-3B," ",35021221360001,,,1562140069,-85,null," "," ",671153497001F7A7064E0,00-1F-7A-70-64-E0,null," "," "," ",118.13526,24.71718,null," ",156213927700781682,20190703,0
E4-46-DA-FB-B7-5B," ",35020321030004,,,1562140152,-53,null," "," ",671153497001F7A74EA40,00-1F-7A-74-EA-40,null," "," "," ",118.13952,24.49240,null," ",156213927700782683,20190703,0
E4-46-DA-FB-B7-5B," ",35020321030004,,,1562140080,-79,null," "," ",671153497001F7A74EA40,00-1F-7A-74-EA-40,null," "," "," ",118.13952,24.49240,null," ",156213927700783684,20190703,0
34-78-D7-DC-A7-37," ",35020321030004,,,1562140092,-90,null," "," ",671153497001F7A74EA40,00-1F-7A-74-EA-40,null," "," "," ",118.13952,24.49240,null," ",156213927700784685,20190703,0
DA-A1-19-00-5A-B1," ",35020321030004,,,1562140092,-95,null," "," ",671153497001F7A74EA40,00-1F-7A-74-EA-40,null," "," "," ",118.13952,24.49240,null," ",156213927700785686,20190703,0
DA-A1-19-75-DF-81," ",35020321030004,,,1562140106,-90,null," "," ",671153497001F7A74EA40,00-1F-7A-74-EA-40,null," "," "," ",118.13952,24.49240,null," ",156213927700786687,20190703,0
DA-A1-19-94-90-B0," ",35020321030004,,,1562140079,-57,null," "," ",671153497001F7A74EA40,00-1F-7A-74-EA-40,null," "," "," ",118.13952,24.49240,null," ",156213927700787688,20190703,0
44-04-44-D5-1A-CA," ",35020321030004,,,1562140057,-49,null," "," ",671153497001F7A74EA40,00-1F-7A-74-EA-40,null," "," "," ",118.13952,24.49240,null," ",156213927700788689,20190703,0
BE-AD-92-5B-0C-72," ",35021221360001,,,1562140115,-87,null," "," ",671153497001F7A7064E0,00-1F-7A-70-64-E0,null," "," "," ",118.13526,24.71718,null," ",156213927700789690,20190703,0
24-79-F3-D3-8E-1B," ",35021221360001,,,1562140103,-89,null," "," ",671153497001F7A7064E0,00-1F-7A-70-64-E0,null," "," "," ",118.13526,24.71718,null," ",156213927700790691,20190703,0
B4-BF-F6-9A-07-5D," ",35020321030004,,,1562140047,-83,null," "," ",671153497001F7A74EA40,00-1F-7A-74-EA-40,null," "," "," ",118.13952,24.49240,null," ",156213927700791692,20190703,0
DA-A1-19-11-E5-18," ",35020321030004,,,1562140079,-78,null," "," ",671153497001F7A74EA40,00-1F-7A-74-EA-40,null," "," "," ",118.13952,24.49240,null," ",156213927700792693,20190703,0
D0-D7-83-3B-1E-7F," ",35020321030004,,,1562140065,-85,null," "," ",671153497001F7A74EA40,00-1F-7A-74-EA-40,null," "," "," ",118.13952,24.49240,null," ",156213927700794494,20190703,0
DA-A1-19-5B-F2-00," ",35021221360001,,,1562140067,-79,null," "," ",671153497001F7A7064E0,00-1F-7A-70-64-E0,null," "," "," ",118.13526,24.71718,null," ",156213927700795495,20190703,0
CC-29-F5-C0-47-35," ",35020321030004,,,1562140060,-83,null," "," ",671153497001F7A74EA40,00-1F-7A-74-EA-40,null," "," "," ",118.13952,24.49240,null," ",156213927700796496,20190703,0
DA-A1-19-F2-38-69," ",35020321030004,,,1562140052,-87,null," "," ",671153497001F7A74EA40,00-1F-7A-74-EA-40,null," "," "," ",118.13952,24.49240,null," ",156213927700797397,20190703,0
48-01-C5-0B-56-0D," ",35020321030004,,,1562140058,-83,null," "," ",671153497001F7A74EA40,00-1F-7A-74-EA-40,null," "," "," ",118.13952,24.49240,null," ",156213927700798398,20190703,0
DA-A1-19-92-8E-77," ",35020321030004,,,1562140079,-86,null," "," ",671153497001F7A74EA40,00-1F-7A-74-EA-40,null," "," "," ",118.13952,24.49240,null," ",156213927700799399,20190703,0
24-79-F3-D3-8E-1B," ",35021221360001,,,1562140103,-87,null," "," ",671153497001F7A7064E0,00-1F-7A-70-64-E0,null," "," "," ",118.13526,24.71718,null," ",156213927700800300,20190703,0
DA-A1-19-A1-91-F6," ",35021221360001,,,1562140108,-98,null," "," ",671153497001F7A7064E0,00-1F-7A-70-64-E0,null," "," "," ",118.13526,24.71718,null," ",156213927700801601,20190703,0
C8-EE-A6-34-D0-41," ",35021221360001,,,1562140080,-93,null," "," ",671153497001F7A7064E0,00-1F-7A-70-64-E0,null," "," "," ",118.13526,24.71718,null," ",156213927700802602,20190703,0
E4-46-DA-FB-B7-5B," ",35020321030004,,,1562140084,-61,null," "," ",671153497001F7A74EA40,00-1F-7A-74-EA-40,null," "," "," ",118.13952,24.49240,null," ",156213927700803603,20190703,0
DA-A1-19-F2-AF-9A," ",35021221360001,,,1562140137,-97,null," "," ",671153497001F7A7064E0,00-1F-7A-70-64-E0,null," "," "," ",118.13526,24.71718,null," ",156213927700804604,20190703,0
50-3C-EA-92-77-C1," ",35021221360001,,,1562140076,-83,null," "," ",671153497001F7A7064E0,00-1F-7A-70-64-E0,null," "," "," ",118.13526,24.71718,null," ",156213927700805605,20190703,0
